{
  "120363039399990162@g.us": {
    "jid": "120363039399990162@g.us",
    "name": "Mas AP",
    "date": "6 Oktober 2023",
    "limit": 15,
    "balance": 10000,
    "banned": false,
    "premium": false,
    "expired": 1697164820307
  },
  "120363148193482895@g.us": {
    "jid": "120363148193482895@g.us",
    "name": "𝑫𝒊𝒏𝒅𝒂✿",
    "date": "6 Oktober 2023",
    "limit": 15,
    "balance": 10000,
    "banned": false,
    "premium": false,
    "expired": 1697164826257
  },
  "120363043290583568@g.us": {
    "jid": "120363043290583568@g.us",
    "name": "~ pepet",
    "date": "6 Oktober 2023",
    "limit": 15,
    "balance": 10000,
    "banned": false,
    "premium": false,
    "expired": 1697164829533
  },
  "62895415497664@s.whatsapp.net": {
    "jid": "62895415497664@s.whatsapp.net",
    "name": "ẉ.ceo/Surya </CLAY>",
    "date": "6 Oktober 2023",
    "limit": 15,
    "balance": 10000,
    "banned": false,
    "premium": false,
    "expired": 1697164833631
  },
  "6283817421530@s.whatsapp.net": {
    "jid": "6283817421530@s.whatsapp.net",
    "name": "ẉ.ceo/Surya </CLAY>",
    "date": "6 Oktober 2023",
    "limit": 15,
    "balance": 10000,
    "banned": false,
    "premium": false,
    "expired": 1697165165159
  },
  "6285743780860@s.whatsapp.net": {
    "jid": "6285743780860@s.whatsapp.net",
    "name": "ẉ.ceo/Surya </CLAY>",
    "date": "6 Oktober 2023",
    "limit": 15,
    "balance": 10000,
    "banned": false,
    "premium": false,
    "expired": 1697165189754
  },
  "6285700408187@s.whatsapp.net": {
    "jid": "6285700408187@s.whatsapp.net",
    "name": "ẉ.ceo/Surya </CLAY>",
    "date": "6 Oktober 2023",
    "limit": 15,
    "balance": 10000,
    "banned": false,
    "premium": false,
    "expired": 1697165533576
  },
  "62895403230191@s.whatsapp.net": {
    "jid": "62895403230191@s.whatsapp.net",
    "name": "Labib.",
    "date": "6 Oktober 2023",
    "limit": 15,
    "balance": 10000,
    "banned": false,
    "premium": false,
    "expired": 1697166209973
  }
}